command,mean,stddev,median,user,system,min,max
pdu --no-sort --max-depth=1 tmp.sample,0.11799061376000002,0.0017580720373815862,0.11815199180000001,0.079217345,0.151246445,0.1155924588,0.12281375180000001
dua --apparent-size tmp.sample,0.24303664113333337,0.011789741846053407,0.2436195593,0.27022534833333334,0.21115772499999996,0.22620240180000004,0.2620557108
ncdu -o /dev/null -0 tmp.sample,0.19702051220000005,0.000551022684095131,0.19692240380000003,0.08200666499999999,0.11445099166666665,0.19619229180000003,0.19820252580000003
gdu --show-apparent-size --non-interactive --no-progress tmp.sample,0.20127027786666668,0.00988309965015555,0.20013025880000002,0.1844269983333333,0.19864065833333333,0.19161071380000003,0.22318354980000002
du --apparent-size --summarize tmp.sample,0.18197907798750002,0.0005719324281063549,0.18200819080000002,0.04955207749999999,0.131789475,0.1811032358,0.18316590380000003
