{
  "results": [
    {
      "command": "pdu --no-sort tmp.sample",
      "mean": 0.11851242854,
      "stddev": 0.0021470835886564315,
      "median": 0.11775663678,
      "user": 0.08298995999999999,
      "system": 0.14790535,
      "min": 0.11613502178,
      "max": 0.12477130378000001,
      "times": [
        0.11805704078000001,
        0.11842434378000001,
        0.11743583378,
        0.11772863778,
        0.11775663678,
        0.12328418978000001,
        0.12128917078000001,
        0.11958235478000001,
        0.11732163278,
        0.11797003978000001,
        0.11626472378000001,
        0.12071596478,
        0.11955715478000001,
        0.11770703678000001,
        0.11744383478,
        0.11700042978,
        0.11629632378,
        0.11702163078000001,
        0.11613502178,
        0.11645192578,
        0.11738803378,
        0.12477130378000001,
        0.11943895278000001,
        0.11815534078,
        0.11961315478000001
      ]
    },
    {
      "command": "du --apparent-size tmp.sample",
      "mean": 0.18639814658000003,
      "stddev": 0.000800398764167873,
      "median": 0.18625053978,
      "user": 0.0545368,
      "system": 0.13118276333333334,
      "min": 0.18525532678,
      "max": 0.18825476578,
      "times": [
        0.18681728678,
        0.18666887478000002,
        0.18602103978,
        0.18688914978,
        0.18678744878,
        0.18737835578,
        0.18825476578,
        0.18677284578,
        0.18611423678,
        0.18525532678,
        0.18609433678,
        0.18625053978,
        0.18549842978,
        0.18562673178,
        0.18554282978
      ]
    },
    {
      "command": "dua --apparent-size tmp.sample",
      "mean": 0.24484511453000002,
      "stddev": 0.007326878065702914,
      "median": 0.24720104428,
      "user": 0.2678623333333333,
      "system": 0.21687547999999998,
      "min": 0.23142399878,
      "max": 0.25191295178,
      "times": [
        0.23777607678,
        0.24854511078000002,
        0.23295231678,
        0.24213403178,
        0.25182005078,
        0.24966582378000002,
        0.23142399878,
        0.25191295178,
        0.24415435578,
        0.24585697778,
        0.25112114178,
        0.25077853778000003
      ]
    },
    {
      "command": "ncdu -o /dev/stdout -0 tmp.sample",
      "mean": 0.19720940811333335,
      "stddev": 0.0005787453634915336,
      "median": 0.19716437478,
      "user": 0.07783826666666667,
      "system": 0.11875703000000001,
      "min": 0.19625686278,
      "max": 0.19817968678,
      "times": [
        0.19708047278000002,
        0.19727227578,
        0.19676786978000002,
        0.19704907278,
        0.19685957078000002,
        0.19683346978000002,
        0.19720667478,
        0.19638256378000002,
        0.19742207678,
        0.19716437478,
        0.19752187878000002,
        0.19625686278,
        0.19797638478000001,
        0.19816788678,
        0.19817968678
      ]
    },
    {
      "command": "gdu --show-apparent-size --non-interactive --no-progress tmp.sample",
      "mean": 0.19844402899428573,
      "stddev": 0.005184453628197333,
      "median": 0.19788306428000002,
      "user": 0.19155235714285715,
      "system": 0.1928443728571429,
      "min": 0.19201523778000001,
      "max": 0.21071738178000002,
      "times": [
        0.20594951978,
        0.20093365478,
        0.19762661078000002,
        0.19239454378,
        0.19575598678,
        0.20040514778000001,
        0.19977903878,
        0.19813951778,
        0.19406306478000002,
        0.21071738178000002,
        0.19363245878000002,
        0.19731410678,
        0.19949013578000002,
        0.19201523778000001
      ]
    }
  ]
}
