command,mean,stddev,median,user,system,min,max
pdu --min-ratio=0 tmp.sample,0.603679447575,0.0019041137746640645,0.6035525706750001,0.52784752,0.18536222,0.6008288336750001,0.605835786675
dutree tmp.sample,3.7393107647749995,0.007209487078748519,3.737487186675,1.4067521199999997,2.3309013199999997,3.7319141766749997,3.751678893675
ncdu -o /dev/stdout -0 tmp.sample,0.19146488874166667,0.0005020551157561494,0.191336336675,0.07174591999999999,0.11913218666666665,0.190581297675,0.192401688675
du --apparent-size tmp.sample,0.1830468193625,0.0005987740520772672,0.183285681175,0.0614541325,0.12100052,0.181985565675,0.183999667675
