command,mean,stddev,median,user,system,min,max
pdu --max-depth=1 tmp.sample,0.11667473501,0.006917364706351819,0.11541675905000001,0.07944569,0.14223933999999996,0.11188638105000001,0.14680275005
dutree --summary tmp.sample,0.30632768145,0.0004133213118596433,0.30643325355000006,0.10251718999999997,0.20325645999999997,0.30549505205000005,0.30684721805000004
dua --apparent-size tmp.sample,0.23090211205,0.010744981836411928,0.23214073955,0.25314702333333333,0.20440391,0.21637626305000002,0.25049824305
du --apparent-size --summarize tmp.sample,0.1798302916125,0.0002777162597707623,0.17992064255,0.05483794,0.124251285,0.17921027805,0.18025458505
