command,mean,stddev,median,user,system,min,max
pdu --quantity=blksize tmp.sample,0.11886426158,0.002038496955409803,0.11848027262000001,0.08251559500000001,0.14906886000000003,0.11611804362000001,0.12531295762
dust tmp.sample,0.15283371688315792,0.0021203218669209405,0.15226329262,0.11852625394736839,0.16016073157894734,0.14984486262,0.15733257662
dua tmp.sample,0.26447393180181816,0.01503193410018724,0.26383341462,0.3115054931818182,0.2099789181818182,0.24261424762,0.29460070062
ncdu -o /dev/stdout -0 tmp.sample,0.19838021242,0.00041937205168666823,0.19831419162,0.07742034166666666,0.12031003333333334,0.19760278262,0.19904180062000001
gdu --non-interactive --no-progress tmp.sample,0.19883866962000002,0.00276991949706029,0.19865457062,0.18498674166666665,0.20065863333333336,0.19374521362,0.20407106362
du tmp.sample,0.1874601308866667,0.0006962662581681607,0.18733992962,0.05747720833333333,0.12930176666666665,0.18647161862,0.18927485362
