command,mean,stddev,median,user,system,min,max
pdu --no-sort tmp.sample,0.11851242854,0.0021470835886564315,0.11775663678,0.08298995999999999,0.14790535,0.11613502178,0.12477130378000001
du --apparent-size tmp.sample,0.18639814658000003,0.000800398764167873,0.18625053978,0.0545368,0.13118276333333334,0.18525532678,0.18825476578
dua --apparent-size tmp.sample,0.24484511453000002,0.007326878065702914,0.24720104428,0.2678623333333333,0.21687547999999998,0.23142399878,0.25191295178
ncdu -o /dev/stdout -0 tmp.sample,0.19720940811333335,0.0005787453634915336,0.19716437478,0.07783826666666667,0.11875703000000001,0.19625686278,0.19817968678
gdu --show-apparent-size --non-interactive --no-progress tmp.sample,0.19844402899428573,0.005184453628197333,0.19788306428000002,0.19155235714285715,0.1928443728571429,0.19201523778000001,0.21071738178000002
