{
  "results": [
    {
      "command": "pdu --quantity=blksize tmp.sample",
      "mean": 0.11886426158,
      "stddev": 0.002038496955409803,
      "median": 0.11848027262000001,
      "user": 0.08251559500000001,
      "system": 0.14906886000000003,
      "min": 0.11611804362000001,
      "max": 0.12531295762,
      "times": [
        0.11721785762,
        0.11758996162000002,
        0.11763556262000001,
        0.11848027262000001,
        0.11969298762000001,
        0.12019959362000002,
        0.11922028262,
        0.11611804362000001,
        0.12005959162000002,
        0.11823286962000001,
        0.11775616362,
        0.11874967662000001,
        0.11759186162000002,
        0.11644804762000001,
        0.11715795662,
        0.12531295762,
        0.11966078762000001,
        0.11752676062,
        0.11815306862000001,
        0.11954908562000001,
        0.11893777862,
        0.12045179762000001,
        0.12334473362000001,
        0.11729805762,
        0.11922078262000001
      ]
    },
    {
      "command": "dust tmp.sample",
      "mean": 0.15283371688315792,
      "stddev": 0.0021203218669209405,
      "median": 0.15226329262,
      "user": 0.11852625394736839,
      "system": 0.16016073157894734,
      "min": 0.14984486262,
      "max": 0.15733257662,
      "times": [
        0.15332290562,
        0.15069817362,
        0.15111297862,
        0.15265739762,
        0.15226329262,
        0.15238529362,
        0.15117927962,
        0.15446931962,
        0.15377881162,
        0.15138478162,
        0.15329590462,
        0.15703575162,
        0.15623284162,
        0.15213339162,
        0.15111837862,
        0.15169318562,
        0.14984486262,
        0.15190149362,
        0.15733257662
      ]
    },
    {
      "command": "dua tmp.sample",
      "mean": 0.26447393180181816,
      "stddev": 0.01503193410018724,
      "median": 0.26383341462,
      "user": 0.3115054931818182,
      "system": 0.2099789181818182,
      "min": 0.24261424762,
      "max": 0.29460070062,
      "times": [
        0.25590271562,
        0.26217309362,
        0.29460070062,
        0.26573863862,
        0.27399284262,
        0.26383341462,
        0.24261424762,
        0.24469037462,
        0.25545910962,
        0.27653377362,
        0.27367433862
      ]
    },
    {
      "command": "ncdu -o /dev/stdout -0 tmp.sample",
      "mean": 0.19838021242,
      "stddev": 0.00041937205168666823,
      "median": 0.19831419162,
      "user": 0.07742034166666666,
      "system": 0.12031003333333334,
      "min": 0.19760278262,
      "max": 0.19904180062000001,
      "times": [
        0.19851109462,
        0.19880569762,
        0.19806378862000001,
        0.19760278262,
        0.19841249262,
        0.19795888662,
        0.19811358962,
        0.19831419162,
        0.19807048862,
        0.19826279062,
        0.19896959962,
        0.19897569962,
        0.19815298962,
        0.19904180062000001,
        0.19844729362
      ]
    },
    {
      "command": "gdu --non-interactive --no-progress tmp.sample",
      "mean": 0.19883866962000002,
      "stddev": 0.00276991949706029,
      "median": 0.19865457062,
      "user": 0.18498674166666665,
      "system": 0.20065863333333336,
      "min": 0.19374521362,
      "max": 0.20407106362,
      "times": [
        0.19661867062,
        0.20241214262,
        0.20407106362,
        0.19905040062,
        0.19845669362,
        0.19590516062,
        0.19374521362,
        0.19757285662000001,
        0.20035239062000001,
        0.19873717062000001,
        0.20223011462,
        0.19627644062,
        0.20086999762,
        0.19865457062,
        0.19762715762
      ]
    },
    {
      "command": "du tmp.sample",
      "mean": 0.1874601308866667,
      "stddev": 0.0006962662581681607,
      "median": 0.18733992962,
      "user": 0.05747720833333333,
      "system": 0.12930176666666665,
      "min": 0.18647161862,
      "max": 0.18927485362,
      "times": [
        0.18760563262,
        0.18647161862,
        0.18779903562,
        0.18730172862,
        0.18733992962,
        0.18696182462,
        0.18651531862,
        0.18694442462,
        0.18711942662,
        0.18768503362,
        0.18730462862,
        0.18927485362,
        0.18753053162,
        0.18825034162,
        0.18779763462
      ]
    }
  ]
}
