{
  "results": [
    {
      "command": "pdu --quantity=len tmp.sample",
      "mean": 0.11363769629076924,
      "stddev": 0.0006114185305331559,
      "median": 0.11349588356000001,
      "user": 0.08378810000000002,
      "system": 0.13871850884615383,
      "min": 0.11258338756000001,
      "max": 0.11537662856,
      "times": [
        0.11398018056,
        0.11473521256000001,
        0.11537662856,
        0.11312841456,
        0.11407686356,
        0.11384375156000001,
        0.11398115856,
        0.11458978956,
        0.11295500656,
        0.11316171756,
        0.11320541856,
        0.11353823556,
        0.11343052956,
        0.11313691556000001,
        0.11366244256000001,
        0.11338902856000001,
        0.11258338756000001,
        0.11296240656,
        0.11324552156,
        0.11343573056,
        0.11423497156000001,
        0.11342323056,
        0.11382555056,
        0.11345353156,
        0.11361503956,
        0.11360943956000001
      ]
    },
    {
      "command": "dust --apparent-size tmp.sample",
      "mean": 0.13478311222666664,
      "stddev": 0.002808938507741765,
      "median": 0.13408938156,
      "user": 0.10881355238095235,
      "system": 0.14831018833333334,
      "min": 0.13258970556000002,
      "max": 0.14593978456,
      "times": [
        0.13692372556000001,
        0.13470481256,
        0.13482301956,
        0.13440409756000002,
        0.13372696356,
        0.13371146156,
        0.13328554056,
        0.13408488156,
        0.13752885656,
        0.13483151956,
        0.13446410056,
        0.13357245556,
        0.13362115856,
        0.13318163556,
        0.13341764756000002,
        0.13431119356000001,
        0.13410628256,
        0.13258970556000002,
        0.13312713256,
        0.13408938156,
        0.14593978456
      ]
    },
    {
      "command": "dua --apparent-size tmp.sample",
      "mean": 0.2404090888327273,
      "stddev": 0.014397391870137917,
      "median": 0.23990956556,
      "user": 0.2821356909090909,
      "system": 0.18219303681818183,
      "min": 0.21784774356,
      "max": 0.26578688256000005,
      "times": [
        0.25410428756000003,
        0.24350384756000001,
        0.23875290656,
        0.26578688256000005,
        0.23990956556,
        0.23720112756,
        0.21784774356,
        0.25363416356000007,
        0.22077942156000002,
        0.22879462656000002,
        0.24418540456
      ]
    },
    {
      "command": "ncdu -o /dev/stdout -0 tmp.sample",
      "mean": 0.1935935870266667,
      "stddev": 0.0006623606261310346,
      "median": 0.19338733656,
      "user": 0.07589313333333333,
      "system": 0.11676478833333334,
      "min": 0.19295731456,
      "max": 0.19549264256,
      "times": [
        0.19418057656,
        0.19353444356000002,
        0.19357444656,
        0.19303911856,
        0.19373895456,
        0.19338733656,
        0.19332483356000002,
        0.19324672956000002,
        0.19321062756000001,
        0.19338453656000001,
        0.19339883756,
        0.19302381856,
        0.19295731456,
        0.19549264256,
        0.19440958856
      ]
    },
    {
      "command": "gdu --show-apparent-size --non-interactive --no-progress tmp.sample",
      "mean": 0.19033456889333333,
      "stddev": 0.00268554104010141,
      "median": 0.18912402056000002,
      "user": 0.19389579999999998,
      "system": 0.17825545499999998,
      "min": 0.18774945156,
      "max": 0.19649689456000002,
      "times": [
        0.18886960856,
        0.18957364456,
        0.18774945156,
        0.18789375856,
        0.19582005956,
        0.19135083356000002,
        0.19000886556000002,
        0.18883560656,
        0.19159464656,
        0.18826297756000002,
        0.19179425556000002,
        0.19649689456000002,
        0.18904811656,
        0.18912402056000002,
        0.18859579356
      ]
    },
    {
      "command": "du --apparent-size tmp.sample",
      "mean": 0.18478816456,
      "stddev": 0.0003278415390152197,
      "median": 0.18478624056,
      "user": 0.06368884999999999,
      "system": 0.12026273,
      "min": 0.18424501256,
      "max": 0.18538483156000002,
      "times": [
        0.18538483156000002,
        0.18518462156,
        0.18513401956,
        0.18498281156000002,
        0.18506901556000002,
        0.18448020356,
        0.18424921256000001,
        0.18483454256,
        0.18461963256000002,
        0.18491204756000001,
        0.18452832756,
        0.18467563456000002,
        0.18462253156,
        0.18495024956,
        0.18424501256,
        0.18473793856
      ]
    }
  ]
}
