{
  "results": [
    {
      "command": "pdu --max-depth=1 tmp.sample",
      "mean": 0.11788501723500001,
      "stddev": 0.0013964852603362942,
      "median": 0.11765180211500001,
      "user": 0.079542565,
      "system": 0.151135165,
      "min": 0.115338474115,
      "max": 0.12142054911500001,
      "times": [
        0.11782550411500001,
        0.117143296115,
        0.11819750911500002,
        0.11688729311500001,
        0.11642568711500001,
        0.115338474115,
        0.12025623411500001,
        0.11688109311500001,
        0.120031532115,
        0.11915452111500001,
        0.11659428911500001,
        0.119221922115,
        0.11766390211500001,
        0.11857401311500002,
        0.11692969411500001,
        0.11820690911500001,
        0.11720339711500001,
        0.116377286115,
        0.11765180211500001,
        0.11672119011500001,
        0.117290998115,
        0.12142054911500001,
        0.11757810211500001,
        0.11887901711500001,
        0.118671215115
      ]
    },
    {
      "command": "dutree --summary tmp.sample",
      "mean": 0.30298937161500006,
      "stddev": 0.0029283182726243784,
      "median": 0.301671792115,
      "user": 0.09234408499999998,
      "system": 0.21003390499999997,
      "min": 0.301391493115,
      "max": 0.310809306115,
      "times": [
        0.310809306115,
        0.301587691115,
        0.304393727115,
        0.301755893115,
        0.302141802115,
        0.301435595115,
        0.30146259411500004,
        0.301391493115,
        0.303453719115,
        0.30146189511500004
      ]
    },
    {
      "command": "dua --apparent-size tmp.sample",
      "mean": 0.23903132511500003,
      "stddev": 0.012827017461166696,
      "median": 0.23481051411500004,
      "user": 0.27904308499999997,
      "system": 0.194294255,
      "min": 0.224510035115,
      "max": 0.261916102115,
      "times": [
        0.241258745115,
        0.23555327311500002,
        0.228701088115,
        0.252038879115,
        0.23406775511500003,
        0.23191072811500002,
        0.224510035115,
        0.22645026011500002,
        0.23864021211500003,
        0.261361395115,
        0.261916102115,
        0.231967428115
      ]
    },
    {
      "command": "du --apparent-size --summarize tmp.sample",
      "mean": 0.18171262742750002,
      "stddev": 0.0005441905360950564,
      "median": 0.18173625311500002,
      "user": 0.05637145999999999,
      "system": 0.12469112999999998,
      "min": 0.18079269111500001,
      "max": 0.182683914115,
      "times": [
        0.182073707115,
        0.181786704115,
        0.18222270911500002,
        0.18180170311500002,
        0.181603401115,
        0.18079269111500001,
        0.18079309111500003,
        0.182423011115,
        0.18168580211500002,
        0.18132859711500002,
        0.182056107115,
        0.18121669611500002,
        0.18144939911500002,
        0.18135289811500002,
        0.182683914115,
        0.182131607115
      ]
    }
  ]
}
