command,mean,stddev,median,user,system,min,max
pdu --quantity=len tmp.sample,0.11846207756000002,0.0014452403733627578,0.11825638440000001,0.07819258500000001,0.15293823499999998,0.11599545540000002,0.12166552340000002
dust --apparent-size tmp.sample,0.13965000625714283,0.005443353069677178,0.1379026274,0.10976702119047618,0.15328244642857142,0.1360558044,0.1587440854
dua --apparent-size tmp.sample,0.2500808345538462,0.016480512229050847,0.2480253984,0.27030000653846153,0.2119261057692308,0.2278365424,0.27848537040000004
ncdu -o /dev/stdout -0 tmp.sample,0.198894995,0.0025787240210426517,0.1979641774,0.07630147833333334,0.1214082083333333,0.19688646340000002,0.2066028844
gdu --show-apparent-size --non-interactive --no-progress tmp.sample,0.20340209425714287,0.0030921714127866355,0.2031717409,0.1814698307142857,0.2006069464285714,0.1998720004,0.2087897114
du --apparent-size tmp.sample,0.18695484706666668,0.0008393126769156059,0.1866069364,0.06025107833333334,0.12607507499999998,0.1855841234,0.1883598574
