{
  "results": [
    {
      "command": "pdu --min-ratio=0 tmp.sample",
      "mean": 0.603679447575,
      "stddev": 0.0019041137746640645,
      "median": 0.6035525706750001,
      "user": 0.52784752,
      "system": 0.18536222,
      "min": 0.6008288336750001,
      "max": 0.605835786675,
      "times": [
        0.6058040846750001,
        0.6050127456750001,
        0.6032852576750001,
        0.6008288336750001,
        0.6008727356750001,
        0.605835786675,
        0.6037477806750001,
        0.6024151136750001,
        0.6056347766750001,
        0.6033573606750001
      ]
    },
    {
      "command": "dutree tmp.sample",
      "mean": 3.7393107647749995,
      "stddev": 0.007209487078748519,
      "median": 3.737487186675,
      "user": 1.4067521199999997,
      "system": 2.3309013199999997,
      "min": 3.7319141766749997,
      "max": 3.751678893675,
      "times": [
        3.737812340675,
        3.740146478675,
        3.751678893675,
        3.749730201675,
        3.744878027675,
        3.7347149106749997,
        3.737162032675,
        3.7323702706749997,
        3.7319141766749997,
        3.7327003146749997
      ]
    },
    {
      "command": "ncdu -o /dev/stdout -0 tmp.sample",
      "mean": 0.19146488874166667,
      "stddev": 0.0005020551157561494,
      "median": 0.191336336675,
      "user": 0.07174591999999999,
      "system": 0.11913218666666665,
      "min": 0.190581297675,
      "max": 0.192401688675,
      "times": [
        0.191756456675,
        0.192401688675,
        0.192322084675,
        0.191584747675,
        0.191148225675,
        0.191944966675,
        0.191741455675,
        0.191123724675,
        0.190581297675,
        0.191336336675,
        0.191074022675,
        0.191097724675,
        0.191221929675,
        0.191087822675,
        0.191550846675
      ]
    },
    {
      "command": "du --apparent-size tmp.sample",
      "mean": 0.1830468193625,
      "stddev": 0.0005987740520772672,
      "median": 0.183285681175,
      "user": 0.0614541325,
      "system": 0.12100052,
      "min": 0.181985565675,
      "max": 0.183999667675,
      "times": [
        0.182464990675,
        0.182346584675,
        0.182871010675,
        0.182167874675,
        0.182430388675,
        0.181985565675,
        0.183379935675,
        0.183353734675,
        0.183721253675,
        0.183527343675,
        0.183359134675,
        0.183457239675,
        0.183217627675,
        0.183038718675,
        0.183999667675,
        0.183428038675
      ]
    }
  ]
}
