command,mean,stddev,median,user,system,min,max
pdu --top-down tmp.sample,0.11843903796666666,0.0014692701133101533,0.11813314667500002,0.07629147333333332,0.155066115,0.11507995917500001,0.121342237175
dust --apparent-size --reverse tmp.sample,0.13840483641309526,0.0018752097582426066,0.138061946175,0.10630397928571426,0.15662751976190475,0.135854119175,0.143171110175
