{
  "results": [
    {
      "command": "pdu --quantity=len tmp.sample",
      "mean": 0.11846207756000002,
      "stddev": 0.0014452403733627578,
      "median": 0.11825638440000001,
      "user": 0.07819258500000001,
      "system": 0.15293823499999998,
      "min": 0.11599545540000002,
      "max": 0.12166552340000002,
      "times": [
        0.11673676340000001,
        0.1187335874,
        0.12166552340000002,
        0.11909209140000002,
        0.11787297740000001,
        0.11807877940000001,
        0.12016200540000001,
        0.11717576840000002,
        0.11853818540000001,
        0.1185530874,
        0.11715727040000001,
        0.11599545540000002,
        0.12071391340000001,
        0.11801348040000001,
        0.11748207440000001,
        0.11807568140000001,
        0.11919229540000001,
        0.11692536740000001,
        0.11825638440000001,
        0.11892669240000002,
        0.11693566740000001,
        0.12131852140000002,
        0.11882779140000001,
        0.11725677140000001,
        0.11986580340000001
      ]
    },
    {
      "command": "dust --apparent-size tmp.sample",
      "mean": 0.13965000625714283,
      "stddev": 0.005443353069677178,
      "median": 0.1379026274,
      "user": 0.10976702119047618,
      "system": 0.15328244642857142,
      "min": 0.1360558044,
      "max": 0.1587440854,
      "times": [
        0.1376184234,
        0.1367874144,
        0.1378644264,
        0.1360558044,
        0.1376724254,
        0.1369497154,
        0.1379026274,
        0.1386457364,
        0.1364218094,
        0.1361659064,
        0.1396919494,
        0.1395294474,
        0.1379452284,
        0.1382299314,
        0.1402188564,
        0.1517539984,
        0.1587440854,
        0.1393898464,
        0.1375645234,
        0.1401552554,
        0.1373427204
      ]
    },
    {
      "command": "dua --apparent-size tmp.sample",
      "mean": 0.2500808345538462,
      "stddev": 0.016480512229050847,
      "median": 0.2480253984,
      "user": 0.27030000653846153,
      "system": 0.2119261057692308,
      "min": 0.2278365424,
      "max": 0.27848537040000004,
      "times": [
        0.2278365424,
        0.2540161664,
        0.26557341040000004,
        0.27848537040000004,
        0.2335052124,
        0.2439401424,
        0.26245727240000005,
        0.2326050014,
        0.26455139740000005,
        0.26802044140000003,
        0.23580084140000002,
        0.2362336524,
        0.2480253984
      ]
    },
    {
      "command": "ncdu -o /dev/stdout -0 tmp.sample",
      "mean": 0.198894995,
      "stddev": 0.0025787240210426517,
      "median": 0.1979641774,
      "user": 0.07630147833333334,
      "system": 0.1214082083333333,
      "min": 0.19688646340000002,
      "max": 0.2066028844,
      "times": [
        0.1979641774,
        0.19791177540000002,
        0.1983025804,
        0.20088921340000002,
        0.2066028844,
        0.1981572784,
        0.2021726294,
        0.19688646340000002,
        0.1971748674,
        0.1981953794,
        0.1993639944,
        0.1971533664,
        0.1974388704,
        0.1974364704,
        0.1977749744
      ]
    },
    {
      "command": "gdu --show-apparent-size --non-interactive --no-progress tmp.sample",
      "mean": 0.20340209425714287,
      "stddev": 0.0030921714127866355,
      "median": 0.2031717409,
      "user": 0.1814698307142857,
      "system": 0.2006069464285714,
      "min": 0.1998720004,
      "max": 0.2087897114,
      "times": [
        0.2040499524,
        0.20548577040000002,
        0.2087897114,
        0.20074061140000002,
        0.2020136264,
        0.20307683940000001,
        0.1998720004,
        0.2006779104,
        0.2032666424,
        0.1998721004,
        0.2080553024,
        0.2006061094,
        0.2032988434,
        0.2078238994
      ]
    },
    {
      "command": "du --apparent-size tmp.sample",
      "mean": 0.18695484706666668,
      "stddev": 0.0008393126769156059,
      "median": 0.1866069364,
      "user": 0.06025107833333334,
      "system": 0.12607507499999998,
      "min": 0.1855841234,
      "max": 0.1883598574,
      "times": [
        0.1883598574,
        0.18747234640000002,
        0.1863065314,
        0.1863691334,
        0.1876339484,
        0.1877292494,
        0.1859876284,
        0.1878562514,
        0.1866069364,
        0.1862923324,
        0.1855841234,
        0.1877708514,
        0.1875374484,
        0.1864625344,
        0.1863535334
      ]
    }
  ]
}
