command,mean,stddev,median,user,system,min,max
pdu --max-depth=1 tmp.sample,0.11788501723500001,0.0013964852603362942,0.11765180211500001,0.079542565,0.151135165,0.115338474115,0.12142054911500001
dutree --summary tmp.sample,0.30298937161500006,0.0029283182726243784,0.301671792115,0.09234408499999998,0.21003390499999997,0.301391493115,0.310809306115
dua --apparent-size tmp.sample,0.23903132511500003,0.012827017461166696,0.23481051411500004,0.27904308499999997,0.194294255,0.224510035115,0.261916102115
du --apparent-size --summarize tmp.sample,0.18171262742750002,0.0005441905360950564,0.18173625311500002,0.05637145999999999,0.12469112999999998,0.18079269111500001,0.182683914115
