{
  "results": [
    {
      "command": "pdu --no-sort --max-depth=1 tmp.sample",
      "mean": 0.11229815830730766,
      "stddev": 0.0016632967185439826,
      "median": 0.111940764615,
      "user": 0.08314955423076922,
      "system": 0.13636530961538465,
      "min": 0.111033470615,
      "max": 0.120005809615,
      "times": [
        0.111820725615,
        0.112925880615,
        0.112035535615,
        0.111884928615,
        0.111275497615,
        0.111813023615,
        0.112565461615,
        0.112103538615,
        0.112455256615,
        0.112846475615,
        0.111972831615,
        0.111868511615,
        0.111856510615,
        0.120005809615,
        0.112256029615,
        0.111916913615,
        0.111790707615,
        0.111547995615,
        0.111964615615,
        0.112001817615,
        0.112158525615,
        0.111130974615,
        0.113409986615,
        0.111033470615,
        0.11187661161500001,
        0.111234479615
      ]
    },
    {
      "command": "dua --apparent-size tmp.sample",
      "mean": 0.23500635646115386,
      "stddev": 0.016338422516557868,
      "median": 0.23329686461500002,
      "user": 0.2727078619230769,
      "system": 0.19057204038461534,
      "min": 0.21407772261500002,
      "max": 0.26483211161500003,
      "times": [
        0.217311081615,
        0.21875365161500002,
        0.23329686461500002,
        0.23143607361500002,
        0.23497794761500002,
        0.242858133615,
        0.25763505761500005,
        0.21629003061500002,
        0.26483211161500003,
        0.21407772261500002,
        0.25357455961500003,
        0.23766677961500002,
        0.232372619615
      ]
    },
    {
      "command": "ncdu -o /dev/null -0 tmp.sample",
      "mean": 0.19198641614833328,
      "stddev": 0.0002886243425168186,
      "median": 0.191891734615,
      "user": 0.078915185,
      "system": 0.11250082499999997,
      "min": 0.191466513615,
      "max": 0.192481863615,
      "times": [
        0.191890634615,
        0.19226915261500002,
        0.192481863615,
        0.192037941615,
        0.192388058615,
        0.191768728615,
        0.19188443461500002,
        0.19187683461500002,
        0.191910335615,
        0.192338756615,
        0.191891734615,
        0.19176752861500002,
        0.191466513615,
        0.191657222615,
        0.192166501615
      ]
    },
    {
      "command": "gdu --show-apparent-size --non-interactive --no-progress tmp.sample",
      "mean": 0.1846726360525,
      "stddev": 0.0027835137128960357,
      "median": 0.18387748411500002,
      "user": 0.17725447249999998,
      "system": 0.183864675,
      "min": 0.18132165661500002,
      "max": 0.18969907361500002,
      "times": [
        0.185990289615,
        0.18271372561500002,
        0.181744377615,
        0.18406649361500002,
        0.181519466615,
        0.183688474615,
        0.184674723615,
        0.182352807615,
        0.183429862615,
        0.187237851615,
        0.188429310615,
        0.182173998615,
        0.18132165661500002,
        0.18761797061500002,
        0.18969907361500002,
        0.18810209361500002
      ]
    },
    {
      "command": "du --apparent-size --summarize tmp.sample",
      "mean": 0.17900521636500005,
      "stddev": 0.0006648577468314542,
      "median": 0.17880143111500002,
      "user": 0.0587893475,
      "system": 0.11956511249999999,
      "min": 0.17824930361500002,
      "max": 0.180184000615,
      "times": [
        0.178731827615,
        0.17824930361500002,
        0.17825120361500002,
        0.178292005615,
        0.17827330461500002,
        0.17865402361500002,
        0.178503716615,
        0.178687325615,
        0.179246852615,
        0.17914374861500001,
        0.179683475615,
        0.178871034615,
        0.179411661615,
        0.17995548861500002,
        0.180184000615,
        0.179944488615
      ]
    }
  ]
}
