command,mean,stddev,median,user,system,min,max
pdu --no-sort --max-depth=1 tmp.sample,0.11229815830730766,0.0016632967185439826,0.111940764615,0.08314955423076922,0.13636530961538465,0.111033470615,0.120005809615
dua --apparent-size tmp.sample,0.23500635646115386,0.016338422516557868,0.23329686461500002,0.2727078619230769,0.19057204038461534,0.21407772261500002,0.26483211161500003
ncdu -o /dev/null -0 tmp.sample,0.19198641614833328,0.0002886243425168186,0.191891734615,0.078915185,0.11250082499999997,0.191466513615,0.192481863615
gdu --show-apparent-size --non-interactive --no-progress tmp.sample,0.1846726360525,0.0027835137128960357,0.18387748411500002,0.17725447249999998,0.183864675,0.18132165661500002,0.18969907361500002
du --apparent-size --summarize tmp.sample,0.17900521636500005,0.0006648577468314542,0.17880143111500002,0.0587893475,0.11956511249999999,0.17824930361500002,0.180184000615
