command,mean,stddev,median,user,system,min,max
pdu --quantity=len tmp.sample,0.11363769629076924,0.0006114185305331559,0.11349588356000001,0.08378810000000002,0.13871850884615383,0.11258338756000001,0.11537662856
dust --apparent-size tmp.sample,0.13478311222666664,0.002808938507741765,0.13408938156,0.10881355238095235,0.14831018833333334,0.13258970556000002,0.14593978456
dua --apparent-size tmp.sample,0.2404090888327273,0.014397391870137917,0.23990956556,0.2821356909090909,0.18219303681818183,0.21784774356,0.26578688256000005
ncdu -o /dev/stdout -0 tmp.sample,0.1935935870266667,0.0006623606261310346,0.19338733656,0.07589313333333333,0.11676478833333334,0.19295731456,0.19549264256
gdu --show-apparent-size --non-interactive --no-progress tmp.sample,0.19033456889333333,0.00268554104010141,0.18912402056000002,0.19389579999999998,0.17825545499999998,0.18774945156,0.19649689456000002
du --apparent-size tmp.sample,0.18478816456,0.0003278415390152197,0.18478624056,0.06368884999999999,0.12026273,0.18424501256,0.18538483156000002
