{
  "results": [
    {
      "command": "pdu --progress tmp.sample",
      "mean": 0.20463822504428572,
      "stddev": 0.0003767880184141878,
      "median": 0.20478284133,
      "user": 0.08917007714285716,
      "system": 0.1371444435714286,
      "min": 0.20416823983,
      "max": 0.20520069083,
      "times": [
        0.20489027583,
        0.20520069083,
        0.20421704283,
        0.20418104083,
        0.20417053983,
        0.20416823983,
        0.20490359383,
        0.20502280283,
        0.20448707683,
        0.20475418983,
        0.20485849583,
        0.20502630383,
        0.20481149283,
        0.20424336483
      ]
    },
    {
      "command": "ncdu -o /dev/stdout -1 tmp.sample",
      "mean": 0.19173913403,
      "stddev": 0.0006133170516517104,
      "median": 0.19148012783,
      "user": 0.07173128666666664,
      "system": 0.11937521499999999,
      "min": 0.19085419583,
      "max": 0.19284809583,
      "times": [
        0.19243897583,
        0.19111560983,
        0.19133372083,
        0.19166593683,
        0.19265788683,
        0.19284809583,
        0.19226486683,
        0.19145032583,
        0.19142532483,
        0.19085419583,
        0.19202405483,
        0.19118351383,
        0.19213946083,
        0.19148012783,
        0.19120491383
      ]
    },
    {
      "command": "gdu --show-apparent-size --non-interactive tmp.sample",
      "mean": 0.18473527258,
      "stddev": 0.002381694624558418,
      "median": 0.18398365333,
      "user": 0.18183571999999998,
      "system": 0.17872551499999997,
      "min": 0.18133342183,
      "max": 0.18912741083,
      "times": [
        0.18250768083,
        0.18229216983,
        0.18133342183,
        0.18377584383,
        0.18416746283,
        0.18799585383,
        0.18513821183,
        0.18778484383,
        0.18912741083,
        0.18600605483,
        0.18433977183,
        0.18809305883,
        0.18355153183,
        0.18272068983,
        0.18313051083,
        0.18379984383
      ]
    }
  ]
}
