{
  "results": [
    {
      "command": "pdu --max-depth=1 tmp.sample",
      "mean": 0.11667473501,
      "stddev": 0.006917364706351819,
      "median": 0.11541675905000001,
      "user": 0.07944569,
      "system": 0.14223933999999996,
      "min": 0.11188638105000001,
      "max": 0.14680275005,
      "times": [
        0.11785528305000001,
        0.11545336105000001,
        0.11541675905000001,
        0.12381718505000001,
        0.11448111105000001,
        0.11587778205000002,
        0.11437360605,
        0.11742616105000002,
        0.12053171805000001,
        0.11720965005000002,
        0.11577847705000001,
        0.11336635505000002,
        0.11745606305000002,
        0.14680275005,
        0.11811909605000001,
        0.11819349905000001,
        0.11285813005000002,
        0.11246601005000001,
        0.11273062405000002,
        0.11318064605000001,
        0.11250731205000002,
        0.11202448705000001,
        0.11188638105000001,
        0.11319044705000002,
        0.11386548105000001
      ]
    },
    {
      "command": "dutree --summary tmp.sample",
      "mean": 0.30632768145,
      "stddev": 0.0004133213118596433,
      "median": 0.30643325355000006,
      "user": 0.10251718999999997,
      "system": 0.20325645999999997,
      "min": 0.30549505205000005,
      "max": 0.30684721805000004,
      "times": [
        0.30617212305,
        0.30656744405,
        0.30647431205000003,
        0.30675771305000005,
        0.30654340305000005,
        0.30615208405000005,
        0.30684721805000004,
        0.30549505205000005,
        0.30587527005000004,
        0.30639219505000004
      ]
    },
    {
      "command": "dua --apparent-size tmp.sample",
      "mean": 0.23090211205,
      "stddev": 0.010744981836411928,
      "median": 0.23214073955,
      "user": 0.25314702333333333,
      "system": 0.20440391,
      "min": 0.21637626305000002,
      "max": 0.25049824305,
      "times": [
        0.23541370105,
        0.24226213805000002,
        0.23180502305,
        0.21637626305000002,
        0.23432144705000002,
        0.22659106705,
        0.23247645605,
        0.21844836505,
        0.21777163305,
        0.22349071405,
        0.25049824305,
        0.24137029405000002
      ]
    },
    {
      "command": "du --apparent-size --summarize tmp.sample",
      "mean": 0.1798302916125,
      "stddev": 0.0002777162597707623,
      "median": 0.17992064255,
      "user": 0.05483794,
      "system": 0.124251285,
      "min": 0.17921027805,
      "max": 0.18025458505,
      "times": [
        0.17949354805,
        0.18025458505,
        0.18006337505,
        0.17993347005000002,
        0.17995997105,
        0.17981346305,
        0.17954685005,
        0.18008547705,
        0.17994867005,
        0.18010357805,
        0.18003367405,
        0.17965955505,
        0.17970645805,
        0.17921027805,
        0.17956389805,
        0.17990781505
      ]
    }
  ]
}
