command,mean,stddev,median,user,system,min,max
pdu --progress tmp.sample,0.20651088884928573,0.00037874977757844597,0.206563339635,0.09121817285714284,0.14775076499999998,0.205378624635,0.20693774463500003
ncdu -o /dev/stdout -1 tmp.sample,0.19861049790166665,0.0007235422713010595,0.19838091863500001,0.07176636333333333,0.12598813166666664,0.19791561263500002,0.20043486063500002
gdu --show-apparent-size --non-interactive tmp.sample,0.19768987603500005,0.0035156441895902515,0.197801611635,0.18483269666666666,0.19929826500000003,0.19303844563500003,0.20399719663500002
