{
  "results": [
    {
      "command": "pdu --no-sort tmp.sample",
      "mean": 0.11252376614923075,
      "stddev": 0.0005016449889620583,
      "median": 0.11251015488000002,
      "user": 0.08034679653846152,
      "system": 0.1400621542307692,
      "min": 0.11165438338000001,
      "max": 0.11410620738,
      "times": [
        0.11241802238000001,
        0.11410620738,
        0.11294184838000002,
        0.11258793038,
        0.11319076038,
        0.11287334438,
        0.11165438338000001,
        0.11318636038,
        0.11252330638000001,
        0.11208338338000001,
        0.11229909438,
        0.11250950538000001,
        0.11273291638,
        0.11212658538,
        0.11237059738,
        0.11223729038000001,
        0.11198157838000002,
        0.11251080438000001,
        0.11270551538000001,
        0.11269841438000001,
        0.11243920138,
        0.11270861438,
        0.11224799238000001,
        0.11223879138000001,
        0.11257300838,
        0.11167246338
      ]
    },
    {
      "command": "du --apparent-size tmp.sample",
      "mean": 0.182847315755,
      "stddev": 0.0004095567505234372,
      "median": 0.18282007088000002,
      "user": 0.05985064749999998,
      "system": 0.12239288499999999,
      "min": 0.18222539138000002,
      "max": 0.18358525838,
      "times": [
        0.18290282538000002,
        0.18305963238,
        0.18273731638000001,
        0.18226239338000003,
        0.18309433438,
        0.18265591238,
        0.18256890838,
        0.18293382638000003,
        0.18339464938000002,
        0.18320223938000002,
        0.18222539138000002,
        0.18251230538000002,
        0.18240939938,
        0.18267501338,
        0.18333764638000002,
        0.18358525838
      ]
    },
    {
      "command": "dua --apparent-size tmp.sample",
      "mean": 0.2258224031492308,
      "stddev": 0.010340662196675681,
      "median": 0.22768676438000002,
      "user": 0.251897835,
      "system": 0.1963314234615385,
      "min": 0.21100252938000003,
      "max": 0.24151965538,
      "times": [
        0.21830709438,
        0.21412918638,
        0.23700043038000002,
        0.21683782138000002,
        0.21100252938000003,
        0.24151965538,
        0.22768676438000002,
        0.21415268738,
        0.22108463438,
        0.23415378738,
        0.22962726138,
        0.23471212238000003,
        0.23547726638000002
      ]
    },
    {
      "command": "ncdu -o /dev/stdout -0 tmp.sample",
      "mean": 0.19185348884666667,
      "stddev": 0.00030135389769905233,
      "median": 0.19182608038,
      "user": 0.073635835,
      "system": 0.11763215166666668,
      "min": 0.19130795438,
      "max": 0.19256011738,
      "times": [
        0.19182608038,
        0.19256011738,
        0.19194488638,
        0.19130795438,
        0.19139205838,
        0.19174867738,
        0.19193238638000001,
        0.19177107838000002,
        0.19181798038,
        0.19177157838,
        0.19211709538000002,
        0.19163837138,
        0.19193698638,
        0.19216559838000002,
        0.19187148338
      ]
    },
    {
      "command": "gdu --show-apparent-size --non-interactive --no-progress tmp.sample",
      "mean": 0.18439393558,
      "stddev": 0.00192702906737093,
      "median": 0.18412819538000003,
      "user": 0.172747235,
      "system": 0.18746928499999999,
      "min": 0.18141146038,
      "max": 0.18722265038000002,
      "times": [
        0.18683133138000002,
        0.18718494938000002,
        0.18270072438,
        0.18614019638,
        0.18239310838,
        0.18395848638,
        0.18445551138000002,
        0.18574067638000002,
        0.18358016838000002,
        0.18722265038000002,
        0.18141146038,
        0.18517684838,
        0.18314664638,
        0.18183808038000002,
        0.18412819538000003
      ]
    }
  ]
}
