{
  "results": [
    {
      "command": "pdu --quantity=blksize tmp.sample",
      "mean": 0.11421517915307691,
      "stddev": 0.0006906268441527535,
      "median": 0.11401818773,
      "user": 0.08474784346153849,
      "system": 0.1387577703846154,
      "min": 0.11329120023,
      "max": 0.11653746923,
      "times": [
        0.11402393823,
        0.11377522523,
        0.11363771823,
        0.11377092523,
        0.11388773123,
        0.11653746923,
        0.11459216823,
        0.11373562423,
        0.11439835823,
        0.11455546623,
        0.11447026223,
        0.11388973123,
        0.11413794423,
        0.11387253123,
        0.11417944623,
        0.11370232123,
        0.11401243723,
        0.11437605723,
        0.11329120023,
        0.11388173023,
        0.11337930523,
        0.11462066923,
        0.11506299223,
        0.11556361823,
        0.11437735723,
        0.11386243023
      ]
    },
    {
      "command": "dust tmp.sample",
      "mean": 0.14856511903,
      "stddev": 0.002278851017635854,
      "median": 0.14801027723,
      "user": 0.12263400499999999,
      "system": 0.149819205,
      "min": 0.14628171123,
      "max": 0.15689676123000001,
      "times": [
        0.14785849323,
        0.14628171123,
        0.14716575623,
        0.14833741723,
        0.14793039723,
        0.14712535423,
        0.15223121923,
        0.15689676123000001,
        0.14787869323,
        0.14851232623,
        0.14806250323,
        0.14794959723,
        0.14840762123,
        0.14836141923,
        0.14697734723,
        0.14922436323,
        0.14835885223,
        0.14818416323,
        0.14760033323,
        0.14795805123
      ]
    },
    {
      "command": "dua tmp.sample",
      "mean": 0.2480003230633334,
      "stddev": 0.013244912397915696,
      "median": 0.24466427023,
      "user": 0.29046622166666664,
      "system": 0.20073873833333333,
      "min": 0.22843174423,
      "max": 0.26981224923,
      "times": [
        0.24395103423,
        0.26981224923,
        0.24470417223000002,
        0.23219833623,
        0.24462436823,
        0.23258895623,
        0.22843174423,
        0.25304909623,
        0.25928921423,
        0.26269168623,
        0.26066398323,
        0.24399903623000002
      ]
    },
    {
      "command": "ncdu -o /dev/stdout -0 tmp.sample",
      "mean": 0.19252965822999998,
      "stddev": 0.0005706856665182924,
      "median": 0.19248781623,
      "user": 0.07248723833333333,
      "system": 0.119442555,
      "min": 0.19197829023000001,
      "max": 0.19415900123000002,
      "times": [
        0.19415900123000002,
        0.19208329523,
        0.19277563023,
        0.19301614323,
        0.19248781623,
        0.19254971923,
        0.19309374623,
        0.19211509723,
        0.19249251623,
        0.19201889223000002,
        0.19253801923,
        0.19203419323,
        0.19229860723,
        0.19197829023000001,
        0.19230390623000002
      ]
    },
    {
      "command": "gdu --non-interactive --no-progress tmp.sample",
      "mean": 0.18632294873000005,
      "stddev": 0.002614862229907878,
      "median": 0.18640824123,
      "user": 0.18742043,
      "system": 0.177092155,
      "min": 0.18204788523,
      "max": 0.19096523823,
      "times": [
        0.18204788523,
        0.18620489723,
        0.18763876923,
        0.19096523823,
        0.18789118223,
        0.18661158523000002,
        0.18559653323,
        0.18315040923,
        0.18746012723,
        0.18494720023,
        0.18813356123,
        0.18423526323,
        0.18457398023000002,
        0.19011766223,
        0.18271268623,
        0.18888019923000002
      ]
    },
    {
      "command": "du tmp.sample",
      "mean": 0.1835260465425,
      "stddev": 0.0003956530475720252,
      "median": 0.18343302323,
      "user": 0.06258336749999999,
      "system": 0.12030152999999999,
      "min": 0.18293939823,
      "max": 0.18450827723000002,
      "times": [
        0.18450827723000002,
        0.18374963923,
        0.18332601723,
        0.18340172123,
        0.18416636023,
        0.18325341423,
        0.18356962923,
        0.18369523623,
        0.18317551023,
        0.18352712823,
        0.18293939823,
        0.18319101123,
        0.18343182323,
        0.18323521323,
        0.18343422323,
        0.18381214223
      ]
    }
  ]
}
