{
  "results": [
    {
      "command": "pdu --top-down tmp.sample",
      "mean": 0.11654896849807692,
      "stddev": 0.003064236541342243,
      "median": 0.115610295575,
      "user": 0.07977780038461538,
      "system": 0.14151801038461534,
      "min": 0.113142823075,
      "max": 0.12905963007500001,
      "times": [
        0.113142823075,
        0.12905963007500001,
        0.117266333075,
        0.119970469075,
        0.11409247107500001,
        0.117467042075,
        0.116215279075,
        0.114954715075,
        0.115072421075,
        0.118333586075,
        0.114451190075,
        0.114769406075,
        0.117479143075,
        0.11713982607500001,
        0.114953715075,
        0.117791859075,
        0.114893512075,
        0.114757505075,
        0.114502192075,
        0.117276733075,
        0.119573049075,
        0.115584444075,
        0.115760253075,
        0.114949312075,
        0.115636147075,
        0.115180124075
      ]
    },
    {
      "command": "dust --apparent-size --reverse tmp.sample",
      "mean": 0.14421031364642858,
      "stddev": 0.017171123625807198,
      "median": 0.139092135075,
      "user": 0.10272108976190475,
      "system": 0.1562267997619048,
      "min": 0.13504733107500003,
      "max": 0.21615473907500002,
      "times": [
        0.13710053407500003,
        0.14037270007500002,
        0.138554708075,
        0.13504733107500003,
        0.138088284075,
        0.137601359075,
        0.155422162075,
        0.21615473907500002,
        0.13808748507500002,
        0.149128544075,
        0.139940279075,
        0.14487312807500002,
        0.140715018075,
        0.14029949707500003,
        0.14104113407500002,
        0.137482254075,
        0.137628461075,
        0.13898402907500002,
        0.136059081075,
        0.139092135075,
        0.14674372307500003
      ]
    }
  ]
}
