command,mean,stddev,median,user,system,min,max
pdu --no-sort tmp.sample,0.11252376614923075,0.0005016449889620583,0.11251015488000002,0.08034679653846152,0.1400621542307692,0.11165438338000001,0.11410620738
du --apparent-size tmp.sample,0.182847315755,0.0004095567505234372,0.18282007088000002,0.05985064749999998,0.12239288499999999,0.18222539138000002,0.18358525838
dua --apparent-size tmp.sample,0.2258224031492308,0.010340662196675681,0.22768676438000002,0.251897835,0.1963314234615385,0.21100252938000003,0.24151965538
ncdu -o /dev/stdout -0 tmp.sample,0.19185348884666667,0.00030135389769905233,0.19182608038,0.073635835,0.11763215166666668,0.19130795438,0.19256011738
gdu --show-apparent-size --non-interactive --no-progress tmp.sample,0.18439393558,0.00192702906737093,0.18412819538000003,0.172747235,0.18746928499999999,0.18141146038,0.18722265038000002
