command,mean,stddev,median,user,system,min,max
pdu --top-down tmp.sample,0.11654896849807692,0.003064236541342243,0.115610295575,0.07977780038461538,0.14151801038461534,0.113142823075,0.12905963007500001
dust --apparent-size --reverse tmp.sample,0.14421031364642858,0.017171123625807198,0.139092135075,0.10272108976190475,0.1562267997619048,0.13504733107500003,0.21615473907500002
