command,mean,stddev,median,user,system,min,max
pdu --min-ratio=0 tmp.sample,0.6036208176900001,0.0021650114643144997,0.60365935809,0.5134183099999999,0.20324057499999998,0.60030931609,0.6072886040900001
dutree tmp.sample,3.48060776199,0.005801923245323098,3.47911576959,1.28514491,2.1947272749999995,3.47324347409,3.4924633580899997
ncdu -o /dev/stdout -0 tmp.sample,0.19816531982333338,0.0009259481190016961,0.19790861609000002,0.07367071,0.12383964166666667,0.19703440509,0.20021194509
du --apparent-size tmp.sample,0.18698226949,0.0007062124204124594,0.18695971609,0.06276737666666667,0.12349077499999997,0.18597110709,0.18901853509
