{
  "results": [
    {
      "command": "pdu --progress tmp.sample",
      "mean": 0.20651088884928573,
      "stddev": 0.00037874977757844597,
      "median": 0.206563339635,
      "user": 0.09121817285714284,
      "system": 0.14775076499999998,
      "min": 0.205378624635,
      "max": 0.20693774463500003,
      "times": [
        0.20628673563500002,
        0.20663544063500003,
        0.206770942635,
        0.20633783663500002,
        0.20693774463500003,
        0.20641503763500002,
        0.206425337635,
        0.20669384063500001,
        0.205378624635,
        0.20656493963500003,
        0.20656173963500002,
        0.20681984263500003,
        0.206519738635,
        0.206804642635
      ]
    },
    {
      "command": "ncdu -o /dev/stdout -1 tmp.sample",
      "mean": 0.19861049790166665,
      "stddev": 0.0007235422713010595,
      "median": 0.19838091863500001,
      "user": 0.07176636333333333,
      "system": 0.12598813166666664,
      "min": 0.19791561263500002,
      "max": 0.20043486063500002,
      "times": [
        0.19833593363500002,
        0.19916044463500002,
        0.19998905463500002,
        0.198510335635,
        0.198550936635,
        0.20043486063500002,
        0.198213931635,
        0.198376453635,
        0.198585421635,
        0.19818231563500002,
        0.19799711363500003,
        0.19798061363500002,
        0.19854352163500003,
        0.19791561263500002,
        0.19838091863500001
      ]
    },
    {
      "command": "gdu --show-apparent-size --non-interactive tmp.sample",
      "mean": 0.19768987603500005,
      "stddev": 0.0035156441895902515,
      "median": 0.197801611635,
      "user": 0.18483269666666666,
      "system": 0.19929826500000003,
      "min": 0.19303844563500003,
      "max": 0.20399719663500002,
      "times": [
        0.19390135763500002,
        0.198484920635,
        0.20115285663500002,
        0.19303844563500003,
        0.19512437363500001,
        0.20399719663500002,
        0.194065059635,
        0.19749980663500002,
        0.198461720635,
        0.19809651463500003,
        0.20136945963500003,
        0.20321078563500003,
        0.197801611635,
        0.19400255763500002,
        0.195141473635
      ]
    }
  ]
}
