{
  "results": [
    {
      "command": "pdu --top-down tmp.sample",
      "mean": 0.11843903796666666,
      "stddev": 0.0014692701133101533,
      "median": 0.11813314667500002,
      "user": 0.07629147333333332,
      "system": 0.155066115,
      "min": 0.11507995917500001,
      "max": 0.121342237175,
      "times": [
        0.119654616175,
        0.11611777117500001,
        0.120967632175,
        0.11951681417500001,
        0.11825069817500002,
        0.11877440417500001,
        0.11507995917500001,
        0.11776469217500002,
        0.11783959317500001,
        0.11816579717500002,
        0.11759128917500002,
        0.11804029617500002,
        0.11907400817500001,
        0.11960191517500002,
        0.11726158517500002,
        0.121342237175,
        0.11738248717500001,
        0.11668057817500001,
        0.11804679517500001,
        0.11800509517500002,
        0.11810049617500001,
        0.11917190917500001,
        0.11989661917500001,
        0.12020962217500002
      ]
    },
    {
      "command": "dust --apparent-size --reverse tmp.sample",
      "mean": 0.13840483641309526,
      "stddev": 0.0018752097582426066,
      "median": 0.138061946175,
      "user": 0.10630397928571426,
      "system": 0.15662751976190475,
      "min": 0.135854119175,
      "max": 0.143171110175,
      "times": [
        0.137232736175,
        0.140229673175,
        0.136651529175,
        0.13786554417500002,
        0.140581077175,
        0.138061946175,
        0.143171110175,
        0.14186949317500003,
        0.138535053175,
        0.13845715117500002,
        0.138953057175,
        0.13713563517500002,
        0.13864765417500002,
        0.13934576217500003,
        0.135854119175,
        0.13929036117500002,
        0.13723913617500003,
        0.13787794417500002,
        0.136567428175,
        0.136482327175,
        0.136452826175
      ]
    }
  ]
}
