{
  "results": [
    {
      "command": "pdu --min-ratio=0 tmp.sample",
      "mean": 0.6036208176900001,
      "stddev": 0.0021650114643144997,
      "median": 0.60365935809,
      "user": 0.5134183099999999,
      "system": 0.20324057499999998,
      "min": 0.60030931609,
      "max": 0.6072886040900001,
      "times": [
        0.6038422600900001,
        0.6034764560900001,
        0.60102262509,
        0.6022385410900001,
        0.60452126909,
        0.6063163910900001,
        0.60030931609,
        0.6029044480900001,
        0.6042882660900001,
        0.6072886040900001
      ]
    },
    {
      "command": "dutree tmp.sample",
      "mean": 3.48060776199,
      "stddev": 0.005801923245323098,
      "median": 3.47911576959,
      "user": 1.28514491,
      "system": 2.1947272749999995,
      "min": 3.47324347409,
      "max": 3.4924633580899997,
      "times": [
        3.4924633580899997,
        3.48904222809,
        3.47931728809,
        3.48003460709,
        3.48088157109,
        3.47689262009,
        3.47704112109,
        3.47824710109,
        3.47891425109,
        3.47324347409
      ]
    },
    {
      "command": "ncdu -o /dev/stdout -0 tmp.sample",
      "mean": 0.19816531982333338,
      "stddev": 0.0009259481190016961,
      "median": 0.19790861609000002,
      "user": 0.07367071,
      "system": 0.12383964166666667,
      "min": 0.19703440509,
      "max": 0.20021194509,
      "times": [
        0.19790861609000002,
        0.19898912909,
        0.20021194509,
        0.19826922009,
        0.19798861609,
        0.19775341409,
        0.19971643809,
        0.19905513009,
        0.19765241309,
        0.19747271109,
        0.19748361109,
        0.19703440509,
        0.19735510909,
        0.19744611809,
        0.19814292109
      ]
    },
    {
      "command": "du --apparent-size tmp.sample",
      "mean": 0.18698226949,
      "stddev": 0.0007062124204124594,
      "median": 0.18695971609,
      "user": 0.06276737666666667,
      "system": 0.12349077499999997,
      "min": 0.18597110709,
      "max": 0.18901853509,
      "times": [
        0.18901853509,
        0.18714391809,
        0.18747502009,
        0.18692461609,
        0.18696901609,
        0.18695971609,
        0.18676511409000002,
        0.18616580809,
        0.18732281909,
        0.18688691509,
        0.18723561909,
        0.18704431609,
        0.18597110709,
        0.18634131009000002,
        0.18651021209000002
      ]
    }
  ]
}
