command,mean,stddev,median,user,system,min,max
pdu --progress tmp.sample,0.20463822504428572,0.0003767880184141878,0.20478284133,0.08917007714285716,0.1371444435714286,0.20416823983,0.20520069083
ncdu -o /dev/stdout -1 tmp.sample,0.19173913403,0.0006133170516517104,0.19148012783,0.07173128666666664,0.11937521499999999,0.19085419583,0.19284809583
gdu --show-apparent-size --non-interactive tmp.sample,0.18473527258,0.002381694624558418,0.18398365333,0.18183571999999998,0.17872551499999997,0.18133342183,0.18912741083
