{
  "results": [
    {
      "command": "pdu --no-sort --max-depth=1 tmp.sample",
      "mean": 0.11799061376000002,
      "stddev": 0.0017580720373815862,
      "median": 0.11815199180000001,
      "user": 0.079217345,
      "system": 0.151246445,
      "min": 0.1155924588,
      "max": 0.12281375180000001,
      "times": [
        0.11861009780000001,
        0.11878050080000001,
        0.1184339958,
        0.11937180780000001,
        0.12020511880000001,
        0.1172828808,
        0.1199659158,
        0.11815199180000001,
        0.1189691028,
        0.1166736728,
        0.11577116080000001,
        0.1186329988,
        0.1164554698,
        0.1180907908,
        0.11614286580000001,
        0.11584796180000001,
        0.1157521608,
        0.1162917668,
        0.11931540680000001,
        0.1197120118,
        0.12281375180000001,
        0.11828479280000001,
        0.1178940878,
        0.1155924588,
        0.1167225738
      ]
    },
    {
      "command": "dua --apparent-size tmp.sample",
      "mean": 0.24303664113333337,
      "stddev": 0.011789741846053407,
      "median": 0.2436195593,
      "user": 0.27022534833333334,
      "system": 0.21115772499999996,
      "min": 0.22620240180000004,
      "max": 0.2620557108,
      "times": [
        0.24530144880000002,
        0.22954004380000004,
        0.23664473680000003,
        0.24958460580000005,
        0.23342819480000002,
        0.24745647780000002,
        0.2554686808,
        0.22620240180000004,
        0.24193766980000003,
        0.2620557108,
        0.23134368880000003,
        0.2574760338
      ]
    },
    {
      "command": "ncdu -o /dev/null -0 tmp.sample",
      "mean": 0.19702051220000005,
      "stddev": 0.000551022684095131,
      "median": 0.19692240380000003,
      "user": 0.08200666499999999,
      "system": 0.11445099166666665,
      "min": 0.19619229180000003,
      "max": 0.19820252580000003,
      "times": [
        0.1970153058,
        0.19676980080000003,
        0.1968646028,
        0.19640179480000003,
        0.19701960580000002,
        0.1965643978,
        0.19619229180000003,
        0.19702470580000003,
        0.19687640280000002,
        0.19810332380000004,
        0.19692240380000003,
        0.19733241080000002,
        0.1967014998,
        0.19820252580000003,
        0.19731661080000001
      ]
    },
    {
      "command": "gdu --show-apparent-size --non-interactive --no-progress tmp.sample",
      "mean": 0.20127027786666668,
      "stddev": 0.00988309965015555,
      "median": 0.20013025880000002,
      "user": 0.1844269983333333,
      "system": 0.19864065833333333,
      "min": 0.19161071380000003,
      "max": 0.22318354980000002,
      "times": [
        0.1966154988,
        0.20013025880000002,
        0.19161071380000003,
        0.2015851828,
        0.2084452998,
        0.19184831780000003,
        0.19445606180000002,
        0.1929021358,
        0.19676780180000003,
        0.19204332080000003,
        0.22109521480000002,
        0.22318354980000002,
        0.20041936280000003,
        0.20353921680000003,
        0.2044122318
      ]
    },
    {
      "command": "du --apparent-size --summarize tmp.sample",
      "mean": 0.18197907798750002,
      "stddev": 0.0005719324281063549,
      "median": 0.18200819080000002,
      "user": 0.04955207749999999,
      "system": 0.131789475,
      "min": 0.1811032358,
      "max": 0.18316590380000003,
      "times": [
        0.18222687280000002,
        0.18316590380000003,
        0.18164715380000002,
        0.18183315980000003,
        0.18213976980000002,
        0.1815261488,
        0.18287109380000002,
        0.18254928380000002,
        0.1811032358,
        0.1822688738,
        0.1819070828,
        0.1821092988,
        0.18156129280000002,
        0.18133508880000002,
        0.18212679980000002,
        0.18129418880000003
      ]
    }
  ]
}
